,group_name,a,k,N_m,offset
0,$argA^fbr$ <antibio>,81.26783153022686,0.00022831182504422495,0.5963896285645298,0.03403321607013233
1,$cysE-mut$ <antibio>,24.23142750324861,0.000189426342742769,0.8975220551265848,1.8717063916569617e-25
2,$myrcene$ <antibio>,60.91893617746515,0.00021803728876632216,0.6930906876501306,0.020014655689036567
3,$argA^fbr$,56.760447752175985,0.00019105582185775902,0.7712702090323006,0.013236368403674524
4,$cysE-mut$,35.515324893417976,0.0002611174615513868,0.8054119253314301,1.2007433028804946e-25
5,$myrcene$,48.16981761863005,0.00020084034652281541,0.7616592710706307,0.00979915458388911
