,group_name,a,k,N_m,offset
0,$argA^fbr$ <antibio>,81.26785737150036,0.00022831186707136529,0.5963896031641449,0.03403320041940966
1,$cysE-mut$ <antibio>,24.231529113409824,0.00018942676222101658,0.8975215063645189,2.336465273714064e-27
2,$myrcene$ <antibio>,60.919069758122895,0.0002180373897063704,0.6930905752386189,0.020014737616430498
3,$argA^fbr$,56.760369468724335,0.0001910557612345265,0.7712703025840135,0.013236312487006303
4,$cysE-mut$,35.51502040945589,0.0002611166503660437,0.8054122635106147,8.454842972949147e-28
5,$myrcene$,48.16964006593931,0.00020084014195069443,0.7616595440351869,0.009799031703303719
